{"count":882,"keys":{"MLActivityTracker.model.ActivitySummarytoIndentedString(java.lang.Object)V":"jt","LActivityTracker.API.RecordsApiDelegate":"K","LActivityTracker.DAO.ActivitySegmentTypesDao":"gI","Ljava.lang.Object":"X","FActivityTracker.Records.RecordscalorieIdle":"dT","MLActivityTracker.model.ActivitySummarysetDistance(java.lang.Float)V":"jj","MLActivityTracker.model.PlacesgetType(":"cZ","MLActivityTracker.model.ActivitySummarygetActivitySummaryId(":"i2","MLActivityTracker.model.ActivitySummarygetActivity(":"jc","MLjava.io.IOExceptionprintStackTrace(":"mX","MLActivityTracker.model.SegmentTypessetEndTime(java.lang.String)V":"ei","LActivityTracker.API.ActivitySegmentTypesApiController":"gF","MLActivityTracker.model.SegmentTypesgetSegmentType(":"lC","MLActivityTracker.Records.RecordsgetCalorieIdle(":"dM","MLActivityTracker.API.ActivitySummaryApigetAllActivitiesByDate(java.lang.String)V":"jI","LActivityTracker.LocalDateConverter":"nf","MLActivityTracker.API.PlacesApigetDelegate(":"c;","Ljava.lang.RuntimeException":"f1","MLjava.lang.Objectwait(long)Vint)V":"be","MLActivityTracker.model.ActivitySegmentTypesgetSteps(":"is","MLActivityTracker.WebController.WebCreateRecordrecordSubmit(ActivityTracker.model.Records)Vorg.springframework.ui.Model)V":"nH","MLActivityTracker.model.ActivitysetActivityTypeID(java.lang.Integer)V":"bs","FActivityTracker.model.ActivitySegmentTypesstartTime":"iA","MLActivityTracker.DAO.ActivityPlacesDaogetAllActivityPlaces(":"hZ","MLjava.sql.TimestampvalueOf(java.lang.String)V":"gh","MLActivityTracker.API.SummaryApiDelegateImplcreateSummary(ActivityTracker.model.Summary)V":"mi","MLActivityTracker.model.SummarytoIndentedString(java.lang.Object)V":"l7","LActivityTracker.API.ActivitiesApi$925;":"e7","MLActivityTracker.model.ActivitySummarysetDuration(java.lang.Float)V":"jg","FActivityTracker.model.PlacesegmentId":"kE","MLActivityTracker.model.SummarySummary(java.lang.Integer)Vjava.time.LocalDate)V":"lT","MLActivityTracker.model.ActivitysetCalories(java.math.BigDecimal)V":"bV","MLjava.lang.StringtoLowerCase(":"fv","LActivityTracker.API.ActivitySegmentTypesApiDelegate":"gG","MLActivityTracker.API.SegmentTypesApigetAllSegmentTypes(":"ex","LActivityTracker.DAO.SummaryDao":"gZ","MLActivityTracker.API.PlacesApiDelegategetAllPlaces(":"de","LActivityTracker.API.ActivitySummaryApiDelegate":"gM","MLActivityTracker.DAO.PlaceDaogetAllPlacesBySegmentId(int)V":"nw","FActivityTracker.DAO.ActivityPlacesDaoconnectionManager":"h0","Lorg.springframework.http.HttpStatus":"fg","MLjava.sql.PreparedStatementsetBigDecimal(int)Vjava.math.BigDecimal)V":"fz","FActivityTracker.model.RecordscalorieIdle":"la","MLActivityTracker.model.RecordshashCode(":"k4","Ljava.lang.Float":"g6","MLActivityTracker.API.ActivityPlacesApiDelegategetAllActivityPlaces(":"hT","FActivityTracker.DateTimeConverteryear":"cB","MLActivityTracker.API.RecordsApiDelegateImplgetAllRecords(":"d4","MLActivityTracker.model.ActivitystartTime(java.lang.String)V":"bF","Pex-Pjava.math":"bM","MLActivityTracker.model.ActivityPlacessetCalories(java.lang.Float)V":"ht","MLActivityTracker.model.SegmentTypessegmentId(java.lang.Integer)V":"lw","MLActivityTracker.model.ActivitysetDistance(java.math.BigDecimal)V":"bS","FActivityTracker.model.ActivitySegmentTypessegmentId":"iz","FActivityTracker.model.ActivitySummarysteps":"jE","MLActivityTracker.API.SummaryApigetAllSummary(":"mb","Ljava.time.LocalDate":"dK","MLActivityTracker.model.ActivitytoString(":"b1","MLjava.sql.ResultSetnext(":"fE","MLActivityTracker.model.ActivitysegmentID(java.lang.Integer)V":"bt","MLActivityTracker.model.PlacesetPlaceTypeId(java.lang.Integer)V":"kp","MLActivityTracker.model.ActivitySegmentTypessetActivity(java.lang.String)V":"ih","MLActivityTracker.API.SegmentTypesApiDelegategetRequest(":"eB","MLjava.util.Objectsequals(java.lang.Object)Vjava.lang.Object)V":"fi","MLActivityTracker.WebController.WebDeleteRecorddeleteRecord(ActivityTracker.WebModel.WebDate)Vorg.springframework.ui.Model)V":"nP","MLActivityTracker.model.PlacesetName(java.lang.String)V":"kv","MLActivityTracker.API.PlacesApiControllergetDelegate(":"db","MLjavax.servlet.http.HttpServletResponsesetCharacterEncoding(java.lang.String)V":"fU","MLActivityTracker.DAO.PlaceDaocreate(ActivityTracker.model.Place)V":"kL","MLActivityTracker.model.RecordstoString(":"k5","MLActivityTracker.model.ActivitySummarygetSteps(":"jo","MLActivityTracker.model.ActivityPlacessetStartTime(java.time.OffsetDateTime)V":"he","FActivityTracker.model.SegmentTypesendTime":"eu","MLjava.lang.Objectfinalize(":"bf","MLActivityTracker.model.SegmentTypesstartTime(java.lang.String)V":"ed","FActivityTracker.model.ActivitysummaryID":"b5","LActivityTracker.API.ActivitiesApiDelegate":"m","MLActivityTracker.model.ActivitySegmentTypesactivitySegmentTypesId(java.lang.Integer)V":"h4","LActivityTracker.DAO.ActivityPlacesDao":"gC","MLActivityTracker.API.ActivityPlacesApiDelegategetRequest(":"hR","Pex-Porg.springframework.boot":"fK","MLActivityTracker.model.RecordsgetDate(":"kV","MLActivityTracker.API.RecordsApiDelegatedeleteRecord(java.lang.String)V":"lh","MLActivityTracker.model.ActivitysummaryID(java.lang.Integer)V":"bw","MLorg.springframework.http.ResponseEntityResponseEntity(org.springframework.http.HttpStatus)V":"ff","Ljava.lang.CharSequence":"fp","Ljava.sql.ResultSet":"fB","MLjava.sql.ResultSetgetBigDecimal(java.lang.String)V":"fH","MLActivityTracker.API.ActivitySegmentTypesApiDelegategetRequest(":"iN","MLActivityTracker.model.ActivitySegmentTypessegmentId(java.lang.Integer)V":"h7","MLActivityTracker.model.ActivitySegmentTypesgetActivitySegmentTypesId(":"h5","MLActivityTracker.model.SegmentTypessetSegmentId(java.lang.Integer)V":"ly","Ljava.io.PrintWriter":"fX","LActivityTracker.API.SegmentTypesApi$876;":"gr","MLActivityTracker.model.PlaceplaceType(java.lang.String)V":"kw","MLActivityTracker.model.SummarySummary(java.time.LocalDate)V":"lV","LActivityTracker.API.ActivityPlacesApi":"gy","FActivityTracker.model.PlacesplaceTypeID":"c5","FActivityTracker.DAO.ConnManagerschema":"cu","MLActivityTracker.model.ActivityhashCode(":"b0","FActivityTracker.model.ActivitySummarydistance":"jC","MLActivityTracker.InserteractivitySummaryBulkLoad(":"kb","FActivityTracker.model.Placesname":"c8","MLActivityTracker.DateTimeConverterDateTimeConverter(java.lang.Object)Vjava.lang.String)V":"cw","FActivityTracker.API.ActivityPlacesApiControllerdelegate":"hQ","MLActivityTracker.model.SummarySummary(":"lU","MLActivityTracker.model.Activityduration(java.math.BigDecimal)V":"bL","MLActivityTracker.model.PlacegetPlaceType(":"kx","MLActivityTracker.model.PlacessetType(java.lang.String)V":"c0","FActivityTracker.API.ActivitySummaryApiControllerdelegate":"jN","MLActivityTracker.model.Recordlastupdated(java.lang.String)V":"ds","FActivityTracker.model.ActivityPlacesendTime":"hE","MLActivityTracker.DAO.RecordsDaogetAllRecords(":"ln","LActivityTracker.API.SegmentTypesApi$967;":"nb","FActivityTracker.DAO.ConnManageruser":"cq","FActivityTracker.model.SegmentTypestype":"es","MLjava.sql.ResultSetgetString(java.lang.String)V":"fG","Pex-__defaultpackage$1":"e9","LActivityTracker.API.ActivityPlacesApiController":"gz","MLActivityTracker.DAO.ActivityDaogetInstance(":"ce","FActivityTracker.model.ActivityPlacesstartTime":"hD","MLActivityTracker.model.SegmentTypesgetActivities(":"lu","MLActivityTracker.model.ActivitySummarytoString(":"js","MLjava.sql.ResultSetgetFloat(java.lang.String)V":"mD","MLActivityTracker.model.PlacesetSegmentId(java.lang.Integer)V":"ks","byte":"f","LActivityTracker.API.PlacesApiController$692;":"gm","MLActivityTracker.model.SegmentTypesdate(java.time.LocalDate)V":"lz","MLActivityTracker.Student.StudentsetName(java.lang.String)V":"eT","MLActivityTracker.model.ActivitySummaryequals(java.lang.Object)V":"jq","MLActivityTracker.model.PlacegetSegmentId(":"kr","FActivityTracker.model.PlaceplaceId":"kH","MLorg.json.simple.JSONObjectget(java.lang.Object)V":"m2","MLActivityTracker.API.ActivitySegmentTypesApigetAllActivitySegmentTypes(":"iJ","MLActivityTracker.DAO.PlaceDaogetAllPlaces(":"kM","MLjava.io.FileReaderFileReader(java.lang.String)V":"mW","MLjava.time.LocalDateof(int)Vint)Vint)V":"gu","MLActivityTracker.model.ActivityendTime(java.lang.String)V":"bI","MLActivityTracker.model.PlacesgetName(":"cW","FActivityTracker.model.Recordsdate":"k.","Ljava.io.PrintStream":"nV","MLActivityTracker.model.ActivitySummaryhashCode(":"jr","MLActivityTracker.model.ActivitysetStartTime(java.lang.String)V":"bH","Ljava.io.Reader":"mU","Ljava.lang.System":"nX","FActivityTracker.NumberConverteraInt":"cK","MLActivityTracker.model.SegmentTypessetLastupdated(java.lang.String)V":"el","MLActivityTracker.model.SummarygetDate(":"l2","MLjavax.servlet.http.HttpServletResponseaddHeader(java.lang.String)Vjava.lang.String)V":"fV","FActivityTracker.model.Activityduration":"b;","MLActivityTracker.model.PlacesegmentId(java.lang.Integer)V":"kq","Pex-Porg.json.simple.parser":"mQ","MLActivityTracker.Student.StudentsetDob(java.time.LocalDate)V":"eW","MLActivityTracker.API.ActivitySegmentTypesApiDelegatecreateActivitySegmentType(ActivityTracker.model.ActivitySegmentTypes)V":"iO","MLActivityTracker.DAO.SummaryDaoSummaryDao(":"mk","MLActivityTracker.model.PlacessegmentID(java.lang.Integer)V":"cP","LActivityTracker.WebController.WebAdminController":"ng","MLActivityTracker.model.SegmentTypesgetLastUpdate(":"lJ","LActivityTracker.model.ActivitySummary":"gJ","LActivityTracker.ActivityTrackerApplication":"t","MLActivityTracker.model.PlacesetPlaceId(int)V":"kl","Lorg.springframework.ui.Model":"mt","Pex-PActivityTracker.model":"gw","LActivityTracker.API.SummaryApiDelegateImpl":"gY","MLActivityTracker.model.ActivitygetDuration(":"bO","MLActivityTracker.model.SegmentTypessetDate(java.lang.String)V":"d.","MLActivityTracker.API.RecordsApiDelegateImplcreateRecord(ActivityTracker.model.Records)V":"li","MLActivityTracker.model.ActivityPlacestoIndentedString(java.lang.Object)V":"hA","FActivityTracker.model.ActivitySummarystartTime":"jy","LActivityTracker.model.Place":"gQ","LActivityTracker.API.PlacesApiController":"A","MLActivityTracker.model.RecordstoIndentedString(java.lang.Object)V":"k6","FActivityTracker.DAO.ActivitySegmentTypesDaoconnectionManager":"iW","LActivityTracker.DAO.RecordDao":"F","Pex-Pjava.util":"3","Ljava.lang.Class":"7","LActivityTracker.API.ActivitySummaryApi$1043;":"mL","LActivityTracker.API.ActivitiesApi":"k","Pex-Pjavax.servlet.http":"fP","MLActivityTracker.model.ActivitySummarysetDate(java.time.LocalDate)V":"jv","FActivityTracker.DateTimeConverterz2":"j6","MLActivityTracker.DAO.RecordDaocreate(ActivityTracker.model.Record)V":"dE","MLActivityTracker.WebController.WebActivitySummaryControllergetAllActivitySummary(org.springframework.ui.Model)V":"mr","FActivityTracker.DateTimeConverterz1":"j5","MLActivityTracker.model.SummarysetDate(java.time.LocalDate)V":"l3","LActivityTracker.API.ActivitySegmentTypesApi$1007;":"mJ","MLActivityTracker.model.ActivitySegmentTypesActivitySegmentTypes(":"h8","Pex-Pjava.util.function":"fd","MLActivityTracker.model.ActivitySegmentTypessetActivitySegmentTypesId(java.lang.Integer)V":"h6","LActivityTracker.API.PlacesApi":"z","MLActivityTracker.API.ActivitySegmentTypesApiDelegateImplgetAllActivitySegmentTypes(":"iR","MLActivityTracker.Records.RecordsgetDate(":"dL","MLjava.lang.ClassNotFoundExceptionprintStackTrace(":"f8","LTempArgsE":"fJ","void":"a","MLjava.lang.Objectwait(":"bc","MLjava.sql.SQLExceptionSQLException(java.lang.Throwable)V":"f9","FActivityTracker.model.SummarysummaryId":"l8","MLActivityTracker.ActivityTrackerApplicationmain(java.lang.String[])V":"ck","LActivityTracker.WebController.WebActivitySummaryController":"g1","MLActivityTracker.Records.RecordsRecords(java.time.LocalDate)Vint)Vjava.sql.Timestamp)V":"dI","LTempArgsV":"m3","MLActivityTracker.DAO.ConnManagergetConnection(":"cm","FActivityTracker.Student.Studentemail":"e1","MLjava.lang.StringvalueOf(java.lang.Object)V":"gb","LTempArgsS":"nu","LTempArgsT":"e;","MLActivityTracker.API.ActivitySegmentTypesApiControllerActivitySegmentTypesApiController(ActivityTracker.API.ActivitySegmentTypesApiDelegate)V":"iK","MLActivityTracker.API.ActivityPlacesApiDelegateImplgetAllActivityPlaces(":"hV","MLjava.sql.ResultSetgetInt(java.lang.String)V":"fF","Ljavax.servlet.ServletResponse":"fT","LActivityTracker.Inserter":"gP","MLActivityTracker.DAO.ActivityPlacesDaoActivityPlacesDao(":"hW","MLActivityTracker.API.ActivitySummaryApiDelegategetAllActivitySummary(":"jR","MLjava.sql.DatevalueOf(java.time.LocalDate)V":"na","MLActivityTracker.Student.StudentgetName(":"eO","MLActivityTracker.model.ActivitySegmentTypesgetActivity(":"ig","MLActivityTracker.model.RecordsetDate(java.lang.String)V":"do","MLActivityTracker.model.RecordgetCalorieIdle(":"dq","MLActivityTracker.DAO.ActivityDaoActivityDao(":"cd","MLActivityTracker.model.ActivityPlacesgetSteps(":"hv","MLActivityTracker.model.ActivitySegmentTypesendTime(java.time.OffsetDateTime)V":"ic","LActivityTracker.API.SummaryApiController$697;":"nd","PActivityTracker.Records":"G","MLActivityTracker.API.RecordsApigetAllRecords(":"dW","MLActivityTracker.model.ActivitygetDistance(":"bR","FActivityTracker.model.PlacesplaceID":"c7","MLActivityTracker.API.SegmentTypesApigetDelegate(":"ew","MLActivityTracker.model.RecordtoIndentedString(java.lang.Object)V":"dy","FActivityTracker.DAO.SummaryDaoconnectionManager":"mp","MLActivityTracker.model.SummarysetSummaryId(java.lang.Integer)V":"l0","MLActivityTracker.model.SegmentTypeshashCode(":"en","MLjava.io.PrintWriterprint(java.lang.String)V":"fY","MLActivityTracker.model.SegmentTypessegmentType(java.lang.String)V":"lB","LActivityTracker.model.Records":"gS","MLActivityTracker.model.SegmentTypesSegmentTypes(":"lt","MLActivityTracker.model.SegmentTypestoString(":"eo","MLActivityTracker.model.ActivitySegmentTypesduration(java.lang.Float)V":"ii","FActivityTracker.model.PlacessegmentID":"c6","LActivityTracker.Student.StudentController":"U","MLjava.lang.StringBuilderappend(java.lang.String)V":"fm","FActivityTracker.model.SegmentTypeslastUpdate":"lN","FActivityTracker.DateTimeConvertermonth":"cC","MLActivityTracker.API.ActivitiesApiControllerActivitiesApiController(ActivityTracker.API.ActivitiesApiDelegate)V":"bg","MLActivityTracker.model.PlacesplaceID(java.lang.Integer)V":"cS","MLActivityTracker.model.ActivitySummarysetStartTime(java.time.OffsetDateTime)V":"i9","MLActivityTracker.API.SummaryApiDelegateImplgetAllSummary(":"mj","FActivityTracker.DAO.RecordDaoconnectionManager":"dG","MLjava.util.OptionalorElse(T)V":"e8","MLActivityTracker.model.ActivityPlacesactivity(java.lang.String)V":"hi","FActivityTracker.model.ActivitySegmentTypesdistance":"iE","MLjava.sql.DriverManagergetConnection(java.lang.String)Vjava.util.Properties)V":"f.","FActivityTracker.model.SegmentTypeslastupdated":"ev","MLActivityTracker.API.ActivityApiDelegateImplgetAllActivities(":"cc","LActivityTracker.API.ActivitySegmentTypesApiController$762;":"mK","Ljava.sql.SQLException":"fq","MLjava.lang.DoublevalueOf(java.lang.String)V":"gk","MLActivityTracker.model.ActivitysetDuration(java.math.BigDecimal)V":"bP","FActivityTracker.model.ActivityactivityTypeID":"b3","MLActivityTracker.API.SummaryApicreateSummary(ActivityTracker.model.Summary)V":"ma","FActivityTracker.DAO.ActivityDaoinstance":"cj","Ljavax.servlet.http.HttpServletResponse":"fQ","MLActivityTracker.model.ActivitySummaryactivity(java.lang.String)V":"jb","MLjava.lang.Objectwait(long)V":"bd","FActivityTracker.WebModel.WebDatedate":"nN","MLActivityTracker.API.SegmentTypesApiDelegateImplcreateSegmentTypes(ActivityTracker.model.SegmentTypes)V":"lR","LActivityTracker.WebController.WebRecordController":"g2","MLActivityTracker.model.Activitysteps(java.lang.Integer)V":"bW","Lorg.springframework.context.ConfigurableApplicationContext":"fO","MLActivityTracker.API.PlacesApicreatePlace(ActivityTracker.model.Place)V":"kP","Ljava.sql.Connection":"co","MLActivityTracker.model.ActivitySummarysetActivitySummaryId(java.lang.Integer)V":"i3","MLActivityTracker.model.ActivitySegmentTypessetSegmentId(java.lang.Integer)V":"h;","MLActivityTracker.model.ActivitySummaryduration(java.lang.Float)V":"je","MLActivityTracker.API.SegmentTypesApiDelegateImplgetAllSegmentTypes(":"eD","MLActivityTracker.model.ActivitySegmentTypestoString(":"iw","MLjava.lang.Stringlength(":"nQ","MLjava.lang.IllegalArgumentExceptionIllegalArgumentException(java.lang.String)V":"gd","MLActivityTracker.model.ActivitySummarydistance(java.lang.Float)V":"jh","MLActivityTracker.API.ActivitiesApigetDelegate(":"Y","MLActivityTracker.model.ActivityPlacessetActivity(java.lang.String)V":"hk","MLjava.time.LocalDateparse(java.lang.CharSequence)Vjava.time.format.DateTimeFormatter)V":"nS","Pex-Pjava.lang":"W","MLActivityTracker.API.RecordsApiDelegategetRequest(":"d1","LActivityTracker.API.ActivitySummaryApi":"gK","FActivityTracker.model.ActivitySummaryduration":"jB","MLActivityTracker.model.ActivitysetSegmentID(java.lang.Integer)V":"bv","MLActivityTracker.model.RecordsetLastupdated(java.lang.String)V":"du","MLActivityTracker.WebModel.WebDategetDate(":"nL","MLActivityTracker.model.ActivitySegmentTypesstartTime(java.time.OffsetDateTime)V":"h.","Pex-Porg.springframework.ui":"ms","FActivityTracker.model.ActivityendTime":"b9","MLActivityTracker.model.ActivityPlacessetEndTime(java.time.OffsetDateTime)V":"hh","MLActivityTracker.DAO.PlacesDaocreate(ActivityTracker.model.Places)V":"di","MLActivityTracker.model.ActivitySegmentTypesactivity(java.lang.String)V":"if","LActivityTracker.API.ActivitySegmentTypesApi":"gE","MLjava.sql.PreparedStatementsetInt(int)Vint)V":"fx","MLActivityTracker.API.ActivitySegmentTypesApiDelegategetAllActivitySegmentTypes(":"iP","MLActivityTracker.model.Activitycalories(java.math.BigDecimal)V":"bT","MLActivityTracker.model.ActivityPlacesactivityPlaceId(java.lang.Integer)V":"g3","MLActivityTracker.DAO.SegmentTypesDaodelete(ActivityTracker.model.SegmentTypes)V":"lS","MLActivityTracker.model.SegmentTypesequals(java.lang.Object)V":"em","MLActivityTracker.Student.StudentStudent(int)Vjava.lang.String)Vint)Vjava.lang.String)Vjava.time.LocalDate)V":"eM","MLjava.sql.Connectionclose(":"ga","Ljava.io.IOException":"f0","MLActivityTracker.model.SegmentTypesstartTime(java.time.OffsetDateTime)V":"lE","MLActivityTracker.model.ActivitygetActivityType(":"bD","FActivityTracker.Records.Recordslastupdate":"dU","MLjava.sql.PreparedStatementsetFloat(int)Vfloat)V":"mB","FActivityTracker.DAO.ConnManagerpassword":"cr","Ljava.sql.DriverManager":"f;","MLActivityTracker.model.RecordsgetCalorieIdle(":"kY","FActivityTracker.DAO.ActivitySummaryDaoconnectionManager":"j3","FActivityTracker.DateTimeConvertermin":"cF","MLActivityTracker.model.ActivitySummarygetStartTime(":"i8","MLActivityTracker.model.RecordsgetLastupdated(":"k1","FActivityTracker.Student.Studentage":"e0","MLjava.lang.ObjectgetClass(":"6","Ljava.math.BigDecimal":"bN","Pex-Porg.springframework.core.convert.converter":"nq","MLActivityTracker.DAO.RecordsDaogetRecord(java.sql.Date)V":"ny","Pex-Pjavax.servlet":"fS","LActivityTracker.API.RecordsApi":"I","MLActivityTracker.model.ActivityPlacesgetActivity(":"hj","MLActivityTracker.DAO.ActivitySummaryDaogetAllActivitySummary(":"j0","MLActivityTracker.InserterfileOpen(":"j7","LActivityTracker.API.SummaryApiController":"gW","MLActivityTracker.model.ActivitygetStartTime(":"bG","MLActivityTracker.model.SegmentTypeslastupdated(java.lang.String)V":"ej","LActivityTracker.API.ActivityPlacesApiController$732;":"mw","short":"g","MLjava.lang.StringBuildertoString(":"fn","MLActivityTracker.DAO.ActivityPlacesDaocreate(ActivityTracker.model.ActivityPlaces)V":"hY","LActivityTracker.WebController.WebCreateActivitySummaryController":"nh","LActivityTracker.API.RecordsApi$1003;":"m.","MLActivityTracker.API.RecordsApiDelegateImpldeleteRecord(java.lang.String)V":"lj","MLActivityTracker.DAO.SummaryDaogetAllSummaryByDate(java.sql.Date)V":"nB","MLActivityTracker.API.ActivitySummaryApiDelegatecreateActivitySummary(ActivityTracker.model.ActivitySummary)V":"jP","MLActivityTracker.Records.RecordssetCalorieIdle(int)V":"dP","MLActivityTracker.WebController.WebCreateSummarycreateRecordForm(org.springframework.ui.Model)V":"nI","MLActivityTracker.API.SegmentTypesApiDelegatecreateSegmentTypes(ActivityTracker.model.SegmentTypes)V":"lQ","FActivityTracker.model.ActivityPlacesplaceTypeId":"hC","MLActivityTracker.DAO.ActivitySummaryDaogetActivitySummaryByDate(java.sql.Date)V":"j1","MLActivityTracker.model.PlaceshashCode(":"c2","MLActivityTracker.DAO.ActivityDaogetAllActivity(":"cg","MLActivityTracker.Student.StudentStudent(java.lang.String)Vint)Vjava.lang.String)Vjava.time.LocalDate)V":"eL","MLActivityTracker.Student.StudentgetDob(":"eR","Ljava.time.ZoneOffset":"mF","FActivityTracker.Student.Studentid":"eY","MLActivityTracker.API.SummaryApiDelegategetAllSummary(":"mh","MLActivityTracker.DAO.ActivitySegmentTypesDaogetInstance(":"iT","Lorg.json.simple.parser.ParseException":"mY","MLActivityTracker.model.ActivityPlacesendTime(java.time.OffsetDateTime)V":"hf","double":"b","MLActivityTracker.API.ActivityPlacesApiControllergetDelegate(":"hP","MLjava.util.ArrayListadd(E)V":"fI","MLjava.sql.PreparedStatementexecuteUpdate(":"fA","LActivityTracker.API.PlacesApi$846;":"gl","MLActivityTracker.model.RecordssetLastupdated(java.time.LocalDate)V":"k2","MLActivityTracker.model.SegmentTypessetType(java.lang.String)V":"ec","MLActivityTracker.DAO.ActivitySummaryDaoActivitySummaryDao(":"jX","LActivityTracker.API.SegmentTypesApiController":"O","MLActivityTracker.API.SegmentTypesApiControllergetDelegate(":"ez","MLActivityTracker.model.PlacestoString(":"c3","MLActivityTracker.API.PlacesApiDelegateImplgetAllPlaces(":"df","MLActivityTracker.model.Recordsequals(java.lang.Object)V":"k3","Ljava.util.Optional":"bk","MLActivityTracker.model.ActivityPlacesActivityPlaces(java.lang.Integer)Vjava.time.OffsetDateTime)Vjava.time.OffsetDateTime)Vjava.lang.String)Vjava.lang.Float)Vjava.lang.Float)Vjava.lang.Float)Vjava.lang.Integer)V":"g7","MLjava.lang.RuntimeExceptionRuntimeException(java.lang.Throwable)V":"f2","LActivityTracker.DAO.ActivityDao":"r","MLActivityTracker.API.ActivityPlacesApigetDelegate(":"hK","FActivityTracker.DAO.PlacesDaoconnectionManager":"dk","MLActivityTracker.API.RecordsApicreateRecord(ActivityTracker.model.Records)V":"le","FActivityTracker.Student.Studentname":"eZ","MLActivityTracker.model.ActivitygetPlaceTypeID(":"bA","FActivityTracker.model.RecordcalorieIdle":"dA","MLActivityTracker.model.SegmentTypesgetStartTime(":"ee","MLActivityTracker.DAO.PlacesDaogetAllPlaces(":"dj","MLActivityTracker.model.RecordsgetSegmentTypes(":"k8","LActivityTracker.API.ActivityApiDelegateImpl":"p","MLActivityTracker.Student.StudentServicegetStudents(":"e6","MLActivityTracker.model.ActivitySummarycalories(java.lang.Float)V":"jk","PActivityTracker":"s","MLActivityTracker.API.ActivitySummaryApiDelegateImplcreateActivitySummary(ActivityTracker.model.ActivitySummary)V":"jT","Ljava.sql.PreparedStatement":"fu","MLActivityTracker.model.SegmentTypessetEndTime(java.time.OffsetDateTime)V":"lH","MLActivityTracker.model.RecordhashCode(":"dw","FActivityTracker.DAO.ActivitySummaryDaoinstance":"j4","MLActivityTracker.model.SegmentTypeslastUpdate(java.time.LocalDate)V":"lI","MLActivityTracker.DAO.ActivitySummaryDaogetSpecificActivitySummaryByDate(java.sql.Date)Vjava.lang.String)V":"j2","MLActivityTracker.DAO.RecordsDaoRecordsDao(":"lk","MLActivityTracker.DAO.SegmentTypesDaocreate(ActivityTracker.model.SegmentTypes)V":"eG","MLActivityTracker.model.PlacetoIndentedString(java.lang.Object)V":"kC","LActivityTracker.API.SegmentTypesApi":"N","Pex-Porg.json.simple":"j8","char":"i","MLActivityTracker.model.RecordscalorieIdle(java.lang.Integer)V":"kX","MLActivityTracker.Student.StudentsetId(int)V":"eS","FActivityTracker.model.ActivityPlacesdistance":"hH","MLActivityTracker.model.PlacegetPlaceId(":"kj","MLActivityTracker.API.ActivityPlacesApiDelegateImplcreateActivityPlace(ActivityTracker.model.ActivityPlaces)V":"hU","MLActivityTracker.DAO.RecordsDaodelete(ActivityTracker.model.Records)V":"lo","MLActivityTracker.Insertermain(java.lang.String[])V":"kf","LActivityTracker.API.PlacesApi$936;":"m;","MLActivityTracker.model.ActivitysetSummaryID(java.lang.Integer)V":"by","LActivityTracker.DateTimeConverter":"w","MLActivityTracker.model.SegmentTypestype(java.lang.String)V":"ea","LActivityTracker.DAO.RecordsDao":"gT","Lorg.json.simple.JSONObject":"m0","MLActivityTracker.Records.RecordsgetLastupdate(":"dN","Pex-PActivityTracker.DAO":"gv","Ljava.lang.Throwable":"fr","MLActivityTracker.DAO.ActivitySegmentTypesDaodelete(int)V":"no","LActivityTracker.Records.Records":"H","MLActivityTracker.model.RecordssetCalorieIdle(java.lang.Integer)V":"kZ","MLActivityTracker.NumberConvertergetInt(":"cI","FActivityTracker.model.Recordlastupdated":"dB","FActivityTracker.DAO.PlaceDaoinstance":"kO","MLActivityTracker.model.PlacessetName(java.lang.String)V":"cX","MLActivityTracker.model.Recordequals(java.lang.Object)V":"dv","MLActivityTracker.DAO.PlaceDaoPlaceDao(":"kJ","MLActivityTracker.model.RecordtoString(":"dx","Pex-Pjava.time":"dJ","MLActivityTracker.DAO.SegmentTypesDaogetAllSegmentTypes(":"eH","MLActivityTracker.DAO.ActivitySegmentTypesDaocreate(ActivityTracker.model.ActivitySegmentTypes)V":"iU","FActivityTracker.model.Placestype":"c9","MLActivityTracker.model.ActivityPlacesstartTime(java.time.OffsetDateTime)V":"hc","MLActivityTracker.API.RecordsApiDelegatecreateRecord(ActivityTracker.model.Records)V":"lg","MLActivityTracker.model.ActivitySegmentTypesdistance(java.lang.Float)V":"il","FActivityTracker.model.Activitycalories":"ca","MLActivityTracker.model.ActivitySummaryactivitySummaryId(java.lang.Integer)V":"i1","FActivityTracker.DAO.RecordsDaoconnectionManager":"lp","MLActivityTracker.Student.StudenttoString(":"eX","MLActivityTracker.model.ActivitysetSteps(java.lang.Integer)V":"bY","FActivityTracker.DAO.ConnManagertimezone":"cv","PActivityTracker.model":"n","FActivityTracker.model.ActivitySummaryactivitySummaryId":"jw","MLActivityTracker.API.ActivityPlacesApigetAllActivityPlaces(":"hN","MLActivityTracker.WebController.WebCreateActivitySummaryControllercreateActivitySummaryForm(org.springframework.ui.Model)V":"nE","FActivityTracker.DAO.ActivityDaoconnectionManager":"ci","MLActivityTracker.model.SegmentTypessetSegmentType(java.lang.String)V":"lD","MLActivityTracker.model.ActivitySegmentTypeshashCode(":"iv","MLActivityTracker.model.ActivityPlacessetPlaceTypeId(java.lang.Integer)V":"hb","MLorg.springframework.boot.SpringApplicationrun(java.lang.Class<?>)Vjava.lang.String...)V":"fM","MLActivityTracker.model.Placeequals(java.lang.Object)V":"kz","MLActivityTracker.model.RecordsRecords(java.time.LocalDate)Vjava.lang.Integer)Vjava.time.LocalDate)V":"kS","MLActivityTracker.API.ActivitySummaryApigetAllActivitySummary(":"jJ","MLActivityTracker.InserterplaceBulkLoad(":"kc","MLActivityTracker.model.ActivitySummarygetEndTime(":"i.","MLActivityTracker.API.ApiUtilsetExampleResponse(org.springframework.web.context.request.NativeWebRequest)Vjava.lang.String)Vjava.lang.String)V":"cl","Lorg.springframework.http.ResponseEntity":"1","FActivityTracker.model.Placeactivities":"kI","MLActivityTracker.model.PlacessetPlaceTypeID(java.lang.Integer)V":"cO","MLActivityTracker.LocalDateConverterconvert(java.lang.String)V":"ns","MLActivityTracker.API.ActivitySegmentTypesApiControllergetDelegate(":"iL","MLActivityTracker.model.PlacegetActivities(":"kk","MLjava.sql.SQLExceptionprintStackTrace(":"fs","MLActivityTracker.model.ActivitysetEndTime(java.lang.String)V":"bK","MLActivityTracker.model.PlacesgetPlaceTypeID(":"cN","MLActivityTracker.model.PlacesetActivities(java.util.ArrayList<ActivityTracker.model.ActivityPlaces>)V":"km","FActivityTracker.DAO.RecordDaoinstance":"dH","LActivityTracker.API.SegmentTypesApiController$722;":"gs","MLActivityTracker.model.RecordgetLastupdated(":"dt","FActivityTracker.model.ActivitySegmentTypesendTime":"iB","MLActivityTracker.NumberConverterNumberConverter(java.lang.Object)Vjava.lang.String)V":"cH","MLActivityTracker.model.ActivitySegmentTypesgetDistance(":"im","FActivityTracker.model.ActivitySummaryactivity":"jA","MLActivityTracker.model.ActivitySegmentTypesgetDuration(":"ij","FActivityTracker.model.Recorddate":"dz","FActivityTracker.model.ActivitysegmentID":"b4","MLActivityTracker.InsertersummaryBulkLoad(":"j.","MLorg.json.simple.parser.JSONParserJSONParser(":"mS","LActivityTracker.API.ActivitySummaryApiController$737;":"mM","LActivityTracker.model.Places":"y","LActivityTracker.NumberConverter":"x","MLActivityTracker.model.SegmentTypesendTime(java.lang.String)V":"eg","MLjava.lang.ObjecthashCode(":"8","MLActivityTracker.model.SegmentTypesdate(java.lang.String)V":"d9","MLjava.sql.DatevalueOf(java.lang.String)V":"gg","MLActivityTracker.API.ActivitySummaryApiDelegateImplgetAllActivitySummary(":"jV","LActivityTracker.model.ActivityPlaces":"gx","Ljava.lang.StringBuilder":"fk","MLActivityTracker.model.RecordssetSummary(java.util.ArrayList<ActivityTracker.model.Summary>)V":"k9","LActivityTracker.API.SummaryApi$942;":"nc","MLActivityTracker.API.PlacesApiDelegategetRequest(":"dd","MLActivityTracker.API.ActivityPlacesApicreateActivityPlace(ActivityTracker.model.ActivityPlaces)V":"hL","FActivityTracker.model.Placename":"kF","MLActivityTracker.DateTimeConverterDateTimeConvert(":"cz","MLActivityTracker.API.PlacesApigetAllPlaces(":"c.","MLActivityTracker.model.ActivityPlacescalories(java.lang.Float)V":"hr","LActivityTracker.WebController.WebDeleteRecord":"nm","MLActivityTracker.DAO.PlacesDaoPlacesDao(":"dg","Pex-Pjava.time.format":"m6","MLActivityTracker.WebController.WebCreateRecordcreateRecordForm(org.springframework.ui.Model)V":"nG","MLActivityTracker.model.SegmentTypesendTime(java.time.OffsetDateTime)V":"lG","MLActivityTracker.model.Summaryequals(java.lang.Object)V":"l4","MLjava.util.Optionalempty(":"fb","LActivityTracker.model.SegmentTypes":"M","Ljava.time.OffsetDateTime":"g5","MLActivityTracker.model.ActivityPlacessetActivityPlaceId(java.lang.Integer)V":"g;","MLActivityTracker.model.ActivityPlacesgetPlaceTypeId(":"ha","Ljava.time.format.DateTimeFormatter":"m7","FActivityTracker.model.SegmentTypesactivities":"lO","MLActivityTracker.model.ActivityPlacesdistance(java.lang.Float)V":"ho","MLActivityTracker.model.ActivitySummarystartTime(java.time.OffsetDateTime)V":"i7","MLActivityTracker.model.ActivitySegmentTypesgetStartTime(":"ia","MLjava.util.ArrayListArrayList(":"fD","MLActivityTracker.Student.StudentStudent(":"eK","MLActivityTracker.model.ActivitySegmentTypessetDistance(java.lang.Float)V":"in","MLActivityTracker.model.ActivityactivityType(java.lang.String)V":"bC","FActivityTracker.model.ActivitystartTime":"b8","MLActivityTracker.API.ActivitySegmentTypesApigetDelegate(":"iH","LActivityTracker.API.PlacesApiDelegate":"B","LActivityTracker.API.SegmentTypesApiDelegate":"P","MLActivityTracker.model.ActivitySegmentTypesgetCalories(":"ip","Lorg.json.simple.JSONArray":"j9","Ljava.util.List":"4","FActivityTracker.model.SegmentTypesstartTime":"et","Ljava.util.ArrayList":"ch","MLActivityTracker.model.RecordcalorieIdle(java.lang.Integer)V":"dp","LActivityTracker.WebController.WebCreateSummary":"nj","FActivityTracker.model.Activitysteps":"cb","MLActivityTracker.model.SegmentTypessegmentID(java.lang.Integer)V":"d6","MLjava.lang.ClassforName(java.lang.String)V":"f6","Pex-Pjava.sql":"cn","MLorg.springframework.http.ResponseEntityok(T)V":"ft","FActivityTracker.model.ActivityPlacessteps":"hJ","MLActivityTracker.model.Placestype(java.lang.String)V":"cY","MLActivityTracker.DAO.RecordsDaocreate(ActivityTracker.model.Records)V":"lm","MLjava.lang.Stringequals(java.lang.Object)V":"m8","FActivityTracker.DateTimeConvertersec":"cG","FActivityTracker.model.ActivitySummarycalories":"jD","FActivityTracker.model.PlaceplaceTypeId":"kD","MLActivityTracker.model.PlacessetPlaceID(java.lang.Integer)V":"cU","MLActivityTracker.model.ActivitySegmentTypessetDuration(java.lang.Float)V":"ik","MLActivityTracker.API.ActivitySummaryApiDelegategetRequest(":"jO","MLActivityTracker.DAO.SegmentTypesDaodelete(java.sql.Date)V":"nA","Ljava.io.FileReader":"mV","MLActivityTracker.model.ActivityPlacesgetStartTime(":"hd","MLActivityTracker.model.SegmentTypesgetDate(":"d;","MLActivityTracker.model.Recorddate(java.lang.String)V":"dm","MLActivityTracker.model.SegmentTypesgetSegmentID(":"d7","Ljava.lang.Void":"hM","MLActivityTracker.model.SegmentTypessetActivities(java.util.ArrayList<ActivityTracker.model.ActivitySegmentTypes>)V":"lv","MLActivityTracker.model.ActivityPlacesplaceTypeId(java.lang.Integer)V":"g.","LActivityTracker.API.ActivitySummaryApiController":"gL","MLActivityTracker.model.ActivitySummarysummaryId(java.lang.Integer)V":"i4","MLjava.lang.Stringreplace(java.lang.CharSequence)Vjava.lang.CharSequence)V":"fo","Lorg.json.simple.parser.JSONParser":"mR","MLActivityTracker.model.Activityequals(java.lang.Object)V":"bZ","MLActivityTracker.model.ActivityplaceTypeID(java.lang.Integer)V":"bz","MLActivityTracker.model.Recordsdate(java.time.LocalDate)V":"kU","FActivityTracker.DAO.ActivitySegmentTypesDaoinstance":"iX","LActivityTracker.model.Activity":"o","MLActivityTracker.DAO.RecordDaogetInstance(":"dD","MLActivityTracker.API.SummaryApiDelegatecreateSummary(ActivityTracker.model.Summary)V":"mg","MLActivityTracker.API.SummaryApiControllerSummaryApiController(ActivityTracker.API.SummaryApiDelegate)V":"mc","MLjava.time.LocalDateparse(java.lang.CharSequence)V":"m4","LActivityTracker.model.ActivitySegmentTypes":"gD","MLActivityTracker.API.ActivitySummaryApiDelegategetAllActivitiesByDate(java.lang.String)V":"jQ","MLActivityTracker.model.ActivitySegmentTypescalories(java.lang.Float)V":"io","MLActivityTracker.InserterrecordsBulkLoad(":"j;","MLActivityTracker.model.ActivitySegmentTypesgetEndTime(":"id","FActivityTracker.DAO.SummaryDaoinstance":"mq","MLActivityTracker.model.ActivitySegmentTypessetSteps(java.lang.Integer)V":"it","MLjava.time.OffsetDateTimeparse(java.lang.CharSequence)Vjava.time.format.DateTimeFormatter)V":"m5","MLjava.time.ZoneOffsetofHours(int)V":"mH","MLActivityTracker.model.RecordsetCalorieIdle(java.lang.Integer)V":"dr","MLActivityTracker.DAO.RecordDaoRecordDao(":"dC","MLActivityTracker.model.ActivityPlaceshashCode(":"hy","MLActivityTracker.model.ActivitygetEndTime(":"bJ","MLorg.springframework.core.convert.converter.Converterconvert(S)V":"nt","FActivityTracker.model.SegmentTypessegmentId":"lL","MLjava.sql.TimestampvalueOf(java.time.LocalDateTime)V":"my","MLActivityTracker.model.ActivitySummaryActivitySummary(java.lang.Integer)Vjava.lang.String)Vjava.lang.Float)Vjava.lang.Float)Vjava.lang.Float)Vjava.lang.Integer)V":"iY","MLActivityTracker.model.Activitydistance(java.math.BigDecimal)V":"bQ","LActivityTracker.API.RecordsApiController$697;":"gq","MLActivityTracker.API.ActivitiesApiDelegategetActivitiesByDate(java.lang.String)V":"bn","MLjava.sql.ResultSetgetTimestamp(java.lang.String)V":"mC","MLActivityTracker.model.ActivitySummarygetSummaryId(":"i5","MLjava.lang.ObjectnotifyAll(":"bb","MLActivityTracker.DateTimeConverterDateConvert(":"cx","FActivityTracker.model.RecordssegmentTypes":"ld","MLActivityTracker.model.Placesequals(java.lang.Object)V":"c1","MLActivityTracker.model.ActivitySummarygetDuration(":"jf","MLjava.time.LocalDateTimeatOffset(java.time.ZoneOffset)V":"mE","MLActivityTracker.model.ActivitySummarygetDistance(":"ji","FActivityTracker.model.Recordssummary":"lc","MLActivityTracker.model.ActivityPlacestoString(":"hz","MLjavax.servlet.http.HttpServletResponsegetWriter(":"fZ","Lorg.springframework.core.convert.converter.Converter":"nr","FActivityTracker.API.ActivitySegmentTypesApiControllerdelegate":"iM","MLjava.io.PrintStreamprintln(java.lang.Object)V":"nW","Ljava.util.function.Consumer":"fe","MLActivityTracker.model.ActivityPlacesduration(java.lang.Float)V":"hl","MLjava.lang.Objectequals(java.lang.Object)V":"9","MLActivityTracker.model.Placesname(java.lang.String)V":"cV","MLActivityTracker.WebController.WebDeleteRecorddeleteRecordForm(org.springframework.ui.Model)V":"nO","LActivityTracker.model.Record":"E","MLActivityTracker.model.PlacesgetPlaceID(":"cT","MLorg.springframework.web.context.request.NativeWebRequestgetNativeResponse(java.lang.Class<T>)V":"fR","MLjava.time.format.DateTimeFormatterofPattern(java.lang.String)V":"nT","MLActivityTracker.DAO.SummaryDaocreate(ActivityTracker.model.Summary)V":"mm","MLActivityTracker.DAO.SegmentTypesDaoSegmentTypesDao(":"eE","MLActivityTracker.model.ActivitytoIndentedString(java.lang.Object)V":"b2","LActivityTracker.API.RecordsApiDelegateImpl":"L","MLActivityTracker.Records.RecordssetDate(java.time.LocalDate)V":"dO","FActivityTracker.model.Summarydate":"l9","FActivityTracker.DAO.ConnManagerhostName":"cs","MLActivityTracker.WebController.WebAdminControllergetAdminPage(":"nD","FActivityTracker.Student.StudentControllerss":"e5","MLActivityTracker.model.SegmentTypessetDate(java.time.LocalDate)V":"lA","LActivityTracker.API.SummaryApi":"gV","MLjava.util.Objectshash(java.lang.Object...)V":"fj","MLActivityTracker.model.PlaceplaceTypeId(java.lang.Integer)V":"kn","MLActivityTracker.model.Recordslastupdated(java.time.LocalDate)V":"k0","FActivityTracker.model.SegmentTypessegmentID":"eq","MLActivityTracker.model.SummarygetSummaryId(":"lZ","MLActivityTracker.model.ActivityPlacessetSteps(java.lang.Integer)V":"hw","LActivityTracker.DAO.ConnManager":"v","MLActivityTracker.model.ActivitySummarysteps(java.lang.Integer)V":"jn","FActivityTracker.DAO.ActivityPlacesDaoinstance":"h1","FActivityTracker.model.ActivityPlacesduration":"hG","PActivityTracker.DAO":"q","MLActivityTracker.model.SegmentTypesgetEndTime(":"eh","MLActivityTracker.API.ActivitySummaryApiControllergetDelegate(":"jM","FActivityTracker.DAO.SegmentTypesDaoconnectionManager":"eI","MLActivityTracker.WebModel.WebDatesetDate(java.sql.Date)V":"nM","Ljava.lang.ClassNotFoundException":"f7","PActivityTracker.WebController":"g0","MLActivityTracker.model.RecordssetDate(java.time.LocalDate)V":"kW","MLActivityTracker.model.ActivitySegmentTypesActivitySegmentTypes(java.lang.Integer)Vjava.lang.Integer)Vjava.time.OffsetDateTime)Vjava.time.OffsetDateTime)Vjava.lang.String)Vjava.lang.Float)Vjava.lang.Float)Vjava.lang.Float)Vjava.lang.Integer)V":"h2","MLActivityTracker.model.ActivitySummaryendTime(java.time.OffsetDateTime)V":"i;","MLActivityTracker.model.ActivitySegmentTypessetEndTime(java.time.OffsetDateTime)V":"ie","FActivityTracker.DateTimeConverterday":"cD","MLActivityTracker.Student.StudentsetEmail(java.lang.String)V":"eV","MLActivityTracker.API.SegmentTypesApicreateSegmentTypes(ActivityTracker.model.SegmentTypes)V":"lP","MLActivityTracker.model.ActivitySegmentTypesgetSegmentId(":"h9","Pex-Pjava.io":"fW","MLActivityTracker.API.ActivitiesApigetAllActivities(":"5","Ljava.lang.Double":"gj","MLActivityTracker.model.ActivitySegmentTypestoIndentedString(java.lang.Object)V":"ix","MLjava.util.PropertiesProperties(":"f4","Ljava.util.Properties":"f3","MLjava.util.Propertiesput(java.lang.Object)Vjava.lang.Object)V":"f5","MLActivityTracker.model.PlacesetPlaceType(java.lang.String)V":"ky","MLjava.sql.PreparedStatementsetTimestamp(int)Vjava.sql.Timestamp)V":"mx","Lorg.springframework.web.context.request.NativeWebRequest":"bm","Ljava.lang.Exception":"nU","FActivityTracker.model.ActivitySegmentTypesduration":"iD","MLActivityTracker.model.ActivityPlacesgetActivityPlaceId(":"g9","LActivityTracker.API.SummaryApiDelegate":"gX","FActivityTracker.model.SegmentTypessegmentType":"lM","MLActivityTracker.model.SummarysummaryId(java.lang.Integer)V":"lY","MLActivityTracker.model.PlacegetName(":"ku","MLActivityTracker.DAO.ConnManagercloseConnection(java.sql.Connection)V":"cp","MLActivityTracker.model.ActivitygetSummaryID(":"bx","FActivityTracker.DateTimeConverterhour":"cE","MLActivityTracker.Student.StudentgetAge(":"eP","MLActivityTracker.model.Placename(java.lang.String)V":"kt","FActivityTracker.DAO.ConnManagerport":"ct","MLActivityTracker.DAO.SummaryDaodelete(ActivityTracker.model.Summary)V":"mo","FActivityTracker.model.ActivitySegmentTypesactivitySegmentTypesId":"iy","LActivityTracker.API.ActivitiesApiController":"l","MLActivityTracker.model.ActivitySegmentTypessetCalories(java.lang.Float)V":"iq","MLActivityTracker.API.ActivitySummaryApicreateActivitySummary(ActivityTracker.model.ActivitySummary)V":"jH","MLActivityTracker.model.PlacesgetSegmentID(":"cQ","MLActivityTracker.model.ActivitySummarysetEndTime(java.time.OffsetDateTime)V":"ja","MLActivityTracker.model.ActivityPlacesequals(java.lang.Object)V":"hx","MLActivityTracker.API.ActivitiesApiDelegategetRequest(":"bj","MLActivityTracker.DAO.SummaryDaogetInstance(":"ml","FActivityTracker.DAO.SegmentTypesDaoinstance":"eJ","MLActivityTracker.API.SummaryApiDelegategetRequest(":"mf","LActivityTracker.API.ActivityPlacesApi$977;":"mv","MLjava.util.OptionalifPresent(java.util.function.Consumer<? super T>)V":"fc","LActivityTracker.API.RecordsApiController":"J","MLActivityTracker.model.ActivitySegmentTypesActivitySegmentTypes(java.lang.Integer)Vjava.time.OffsetDateTime)Vjava.time.OffsetDateTime)Vjava.lang.String)Vjava.lang.Float)Vjava.lang.Float)Vjava.lang.Float)Vjava.lang.Integer)V":"h3","Ljava.lang.IllegalArgumentException":"gc","Ljava.time.LocalDateTime":"mz","FActivityTracker.model.ActivityPlacesactivity":"hF","MLActivityTracker.model.RecordgetDate(":"dn","MLActivityTracker.API.ActivitySegmentTypesApiDelegateImplcreateActivitySegmentType(ActivityTracker.model.ActivitySegmentTypes)V":"iQ","Ljava.sql.Timestamp":"cA","MLActivityTracker.DAO.RecordsDaogetInstance(":"ll","MLActivityTracker.model.ActivityPlacesgetDistance(":"hp","Ljava.sql.Statement":"gn","MLActivityTracker.model.ActivitygetSteps(":"bX","MLActivityTracker.model.ActivityPlacesgetDuration(":"hm","MLActivityTracker.WebModel.WebDateWebDate(":"nK","MLActivityTracker.model.ActivitySummarysetActivity(java.lang.String)V":"jd","MLorg.json.simple.parser.ParseExceptionprintStackTrace(":"mZ","Ljava.lang.Integer":"bq","MLActivityTracker.DAO.ActivityDaocreate(ActivityTracker.model.Activity)V":"cf","FActivityTracker.API.SegmentTypesApiControllerdelegate":"eA","LActivityTracker.DAO.PlacesDao":"D","MLActivityTracker.model.ActivitygetSegmentID(":"bu","LActivityTracker.DAO.ActivitySummaryDao":"gO","MLActivityTracker.model.ActivityactivityTypeID(java.lang.Integer)V":"bp","MLActivityTracker.API.ActivitySegmentTypesApicreateActivitySegmentType(ActivityTracker.model.ActivitySegmentTypes)V":"iI","MLActivityTracker.DAO.PlaceDaogetInstance(":"kK","MLActivityTracker.model.SegmentTypestoIndentedString(java.lang.Object)V":"ep","PActivityTracker.WebModel":"nk","LActivityTracker.API.ActivitySummaryApiDelegateImpl":"gN","MLActivityTracker.API.ActivitySummaryApiControllerActivitySummaryApiController(ActivityTracker.API.ActivitySummaryApiDelegate)V":"jL","MLActivityTracker.model.PlacePlace(java.lang.Integer)Vjava.lang.Integer)Vjava.lang.String)Vjava.lang.String)Vint)V":"kg","MLjava.util.OptionalofNullable(T)V":"e.","MLjava.lang.StringBuilderStringBuilder(":"fl","long":"h","MLActivityTracker.model.ActivitysetActivityType(java.lang.String)V":"bE","MLActivityTracker.model.ActivityPlacesActivityPlaces(java.lang.Integer)Vjava.lang.Integer)Vjava.time.OffsetDateTime)Vjava.time.OffsetDateTime)Vjava.lang.String)Vjava.lang.Float)Vjava.lang.Float)Vjava.lang.Float)Vjava.lang.Integer)V":"g4","MLActivityTracker.API.RecordsApideleteRecord(java.lang.String)V":"lf","MLActivityTracker.model.SummarytoString(":"l6","FActivityTracker.model.ActivitySummaryendTime":"jz","MLActivityTracker.DAO.SegmentTypesDaogetAllSegmentTypesByDate(java.sql.Date)V":"nz","FActivityTracker.API.PlacesApiControllerdelegate":"dc","PActivityTracker.API":"j","MLActivityTracker.model.ActivityPlacessteps(java.lang.Integer)V":"hu","MLActivityTracker.model.PlacesplaceTypeID(java.lang.Integer)V":"cM","MLActivityTracker.model.ActivityPlacesActivityPlaces(":"g8","MLjava.lang.Objectnotify(":"ba","MLActivityTracker.DAO.ActivitySegmentTypesDaogetAllActivitySegmentTypes(":"iV","PActivityTracker.Student":"S","MLActivityTracker.model.ActivityPlacesgetEndTime(":"hg","MLActivityTracker.model.ActivitygetActivityTypeID(":"br","MLActivityTracker.model.ActivityPlacesgetCalories(":"hs","MLjava.util.Listof(E)V":"gt","MLActivityTracker.DAO.SegmentTypesDaogetInstance(":"eF","MLjava.lang.Stringsubstring(int)Vint)V":"ge","MLActivityTracker.Records.RecordstoString(":"dR","MLjava.lang.IntegervalueOf(java.lang.String)V":"gi","MLActivityTracker.model.ActivitySummarysetSummaryId(java.lang.Integer)V":"i6","MLActivityTracker.API.PlacesApiDelegatecreatePlace(ActivityTracker.model.Place)V":"kQ","MLActivityTracker.API.RecordsApiDelegateImplgetRecordByDate(java.lang.String)V":"d5","MLActivityTracker.model.RecordsRecords(":"kT","MLActivityTracker.DAO.SummaryDaodelete(java.sql.Date)V":"nC","MLjava.sql.ResultSetclose(":"mI","MLActivityTracker.DAO.PlacesDaogetInstance(":"dh","MLjava.lang.Stringformat(java.lang.String)Vjava.lang.Object...)V":"gf","MLjava.sql.PreparedStatementclose(":"go","MLActivityTracker.model.ActivitysetPlaceTypeID(java.lang.Integer)V":"bB","MLActivityTracker.model.SegmentTypesgetLastupdated(":"ek","MLActivityTracker.API.ActivitySummaryApigetDelegate(":"jG","Pex-Porg.springframework.context":"fN","FActivityTracker.model.ActivityactivityType":"b7","MLActivityTracker.model.PlacehashCode(":"kA","MLActivityTracker.API.ActivitiesApiDelegategetAllActivities(":"bo","FActivityTracker.model.ActivityplaceTypeID":"b6","MLActivityTracker.Student.StudentsetAge(int)V":"eU","MLorg.json.simple.parser.JSONParserparse(java.io.Reader)V":"mT","MLActivityTracker.WebController.WebCreateSummaryrecordSubmit(ActivityTracker.model.Summary)Vorg.springframework.ui.Model)V":"nJ","FActivityTracker.API.SummaryApiControllerdelegate":"me","MLActivityTracker.API.SegmentTypesApiDelegategetAllSegmentTypes(":"eC","MLActivityTracker.Student.StudentgetEmail(":"eQ","MLjava.sql.PreparedStatementexecuteQuery(":"fC","Pex-Porg.springframework.http":"0","MLjava.sql.PreparedStatementsetString(int)Vjava.lang.String)V":"fy","LActivityTracker.API.ActivityPlacesApiDelegateImpl":"gB","MLjava.sql.ConnectionprepareStatement(java.lang.String)V":"fw","MLActivityTracker.API.ActivitySummaryApigetSpecificActivitySummaryByDate(java.lang.String)Vjava.lang.String)V":"jK","FActivityTracker.DAO.PlacesDaoinstance":"dl","FActivityTracker.Student.Studentdob":"e2","MLActivityTracker.model.SummaryhashCode(":"l5","MLActivityTracker.API.SummaryApiControllergetDelegate(":"md","MLActivityTracker.model.RecordssetSegmentTypes(java.util.ArrayList<ActivityTracker.model.SegmentTypes>)V":"k;","FActivityTracker.DAO.PlaceDaoconnectionManager":"kN","MLActivityTracker.model.PlacestoIndentedString(java.lang.Object)V":"c4","LActivityTracker.model.Summary":"gU","MLActivityTracker.model.Summarydate(java.time.LocalDate)V":"l1","MLActivityTracker.API.ActivitySummaryApiDelegateImplgetAllActivitiesByDate(java.lang.String)V":"jU","MLActivityTracker.API.RecordsApiControllerRecordsApiController(ActivityTracker.API.RecordsApiDelegate)V":"dY","FActivityTracker.model.SegmentTypesdate":"er","MLActivityTracker.Student.StudentControllerhello(":"e4","FActivityTracker.NumberConverteraDbl":"cL","MLActivityTracker.DAO.RecordDaogetAllRecords(":"dF","MLActivityTracker.API.RecordsApiControllergetDelegate(":"dZ","MLActivityTracker.model.ActivitySegmentTypessetStartTime(java.time.OffsetDateTime)V":"ib","MLActivityTracker.DAO.ActivitySummaryDaogetInstance(":"jY","MLActivityTracker.API.PlacesApiDelegateImplcreatePlace(ActivityTracker.model.Place)V":"kR","MLActivityTracker.model.ActivitySummarysetSteps(java.lang.Integer)V":"jp","LActivityTracker.API.SegmentTypesApiDelegateImpl":"Q","MLActivityTracker.InserteractivitySegmentTypesBulkLoad(":"kd","MLActivityTracker.model.ActivityPlacessetDistance(java.lang.Float)V":"hq","MLActivityTracker.model.SummarysetActivities(java.util.ArrayList<ActivityTracker.model.ActivitySummary>)V":"lX","MLActivityTracker.model.ActivitySummaryActivitySummary(":"i0","MLActivityTracker.model.ActivitygetCalories(":"bU","Ljava.lang.String":"2","MLActivityTracker.API.ActivityPlacesApiControllerActivityPlacesApiController(ActivityTracker.API.ActivityPlacesApiDelegate)V":"hO","MLActivityTracker.API.ActivitySummaryApiDelegategetSpecificActivitySummaryByDate(java.lang.String)Vjava.lang.String)V":"jS","MLActivityTracker.API.ActivitiesApigetActivitiesByDate(java.lang.String)V":"Z","MLActivityTracker.model.PlacePlace(java.lang.Integer)Vjava.lang.String)Vjava.lang.String)Vint)V":"kh","MLActivityTracker.API.ActivityPlacesApiDelegatecreateActivityPlace(ActivityTracker.model.ActivityPlaces)V":"hS","MLActivityTracker.model.ActivitySummaryActivitySummary(java.lang.Integer)Vjava.lang.Integer)Vjava.lang.String)Vjava.lang.Float)Vjava.lang.Float)Vjava.lang.Float)Vjava.lang.Integer)V":"iZ","MLActivityTracker.model.PlacePlace(":"ki","LActivityTracker.DAO.PlaceDao":"gR","LActivityTracker.Student.Student":"T","MLActivityTracker.API.SegmentTypesApiControllerSegmentTypesApiController(ActivityTracker.API.SegmentTypesApiDelegate)V":"ey","MLjava.time.OffsetDateTimetoLocalDateTime(":"mA","MLjava.sql.ResultSetgetDate(java.lang.String)V":"mN","MLActivityTracker.model.SegmentTypesgetSegmentId(":"lx","MLjava.lang.Objectclone(":";","MLActivityTracker.DAO.ActivitySummaryDaocreate(ActivityTracker.model.ActivitySummary)V":"jZ","MLActivityTracker.model.RecordsgetSummary(":"k7","MLActivityTracker.API.RecordsApigetDelegate(":"dV","LActivityTracker.API.PlacesApiDelegateImpl":"C","FActivityTracker.model.ActivitySegmentTypesactivity":"iC","MLActivityTracker.model.ActivitySummarysetCalories(java.lang.Float)V":"jm","Ljava.util.HashMap":"m1","MLActivityTracker.model.ActivitySegmentTypesequals(java.lang.Object)V":"iu","FActivityTracker.model.ActivitySummarysummaryId":"jx","Lorg.springframework.boot.SpringApplication":"fL","MLActivityTracker.API.ActivitiesApiControllergetDelegate(":"bh","FActivityTracker.API.RecordsApiControllerdelegate":"d0","MLActivityTracker.model.ActivitySummarygetCalories(":"jl","MLorg.springframework.core.convert.converter.ConverterandThen(org.springframework.core.convert.converter.Converter<? super T,? extends U>)V":"nv","FActivityTracker.model.ActivityPlacesactivityPlaceId":"hB","MLActivityTracker.model.SegmentTypesSegmentTypes(java.time.LocalDate)Vjava.lang.String)Vjava.time.OffsetDateTime)Vjava.time.OffsetDateTime)Vjava.time.LocalDate)V":"ls","MLActivityTracker.API.RecordsApiDelegategetAllRecords(":"d2","LActivityTracker.API.ActivitySegmentTypesApiDelegateImpl":"gH","MLjava.lang.Stringcontains(java.lang.CharSequence)V":"nR","MLActivityTracker.API.ActivitySummaryApiDelegateImplgetSpecificActivitySummaryByDate(java.lang.String)Vjava.lang.String)V":"jW","MLActivityTracker.model.PlacegetPlaceTypeId(":"ko","MLActivityTracker.model.SummarygetActivities(":"lW","MLActivityTracker.model.ActivityPlacessetDuration(java.lang.Float)V":"hn","FActivityTracker.model.ActivitySummarydate":"jF","MLActivityTracker.DAO.ActivitySegmentTypesDaoActivitySegmentTypesDao(":"iS","MLActivityTracker.WebController.WebRecordControllergetAllRec(org.springframework.ui.Model)V":"mu","MLActivityTracker.model.ActivitySummarygetDate(":"ju","FActivityTracker.model.PlaceplaceType":"kG","FActivityTracker.model.Summaryactivities":"l;","LActivityTracker.API.ActivityPlacesApiDelegate":"gA","MLActivityTracker.DAO.ActivityPlacesDaogetInstance(":"hX","MLActivityTracker.NumberConvertergetDbl(":"cJ","LActivityTracker.API.RecordsApi$911;":"gp","MLjava.lang.FloatvalueOf(java.lang.String)V":"m9","FActivityTracker.model.ActivitySegmentTypescalories":"iF","float":"d","MLActivityTracker.API.RecordsApiDelegategetRecordByDate(java.lang.String)V":"d3","MLActivityTracker.InserteractivityPlaceBulkLoad(":"ke","MLActivityTracker.WebController.WebCreateActivitySummaryControllerActivitySummarySubmit(ActivityTracker.model.ActivitySummary)Vorg.springframework.ui.Model)V":"nF","Pex-Porg.springframework.web.context.request":"bl","FActivityTracker.model.ActivitySegmentTypessteps":"iG","MLActivityTracker.model.PlacetoString(":"kB","MLActivityTracker.DAO.PlaceDaodelete(int)V":"nx","FActivityTracker.DAO.RecordsDaoinstance":"lq","MLActivityTracker.model.SegmentTypesSegmentTypes(java.lang.Integer)Vjava.time.LocalDate)Vjava.lang.String)Vjava.time.OffsetDateTime)Vjava.time.OffsetDateTime)Vjava.time.LocalDate)V":"lr","FActivityTracker.model.ActivityPlacescalories":"hI","LActivityTracker.API.ApiUtil":"u","FActivityTracker.model.Recordslastupdated":"lb","MLorg.springframework.ui.ModeladdAttribute(java.lang.String)Vjava.lang.Object)V":"ne","MLActivityTracker.DAO.ActivitySummaryDaodelete(int)V":"np","MLjava.sql.TimestamptoLocalDateTime(":"mG","Ljava.util.Objects":"fh","FActivityTracker.API.ActivitiesApiControllerdelegate":"bi","MLActivityTracker.InsertersegmentTypesBulkLoad(":"ka","MLjava.sql.PreparedStatementsetDate(int)Vjava.sql.Date)V":"mP","MLjava.lang.ObjecttoString(":".","MLActivityTracker.Student.StudentControllerStudentController(ActivityTracker.Student.StudentService)V":"e3","LActivityTracker.WebController.WebCreateRecord":"ni","Ljava.sql.Date":"cy","MLActivityTracker.model.SegmentTypessetStartTime(java.time.OffsetDateTime)V":"lF","LActivityTracker.WebModel.WebDate":"nl","MLActivityTracker.model.ActivitySegmentTypessteps(java.lang.Integer)V":"ir","MLActivityTracker.API.PlacesApiControllerPlacesApiController(ActivityTracker.API.PlacesApiDelegate)V":"da","MLActivityTracker.Records.RecordssetLastupdate(java.sql.Timestamp)V":"dQ","MLActivityTracker.model.SegmentTypessetStartTime(java.lang.String)V":"ef","MLActivityTracker.API.SummaryApigetDelegate(":"l.","MLActivityTracker.model.PlacessetSegmentID(java.lang.Integer)V":"cR","LActivityTracker.DAO.SegmentTypesDao":"R","LActivityTracker.API.ActivitiesApiController$712;":"fa","MLjava.sql.DatetoLocalDate(":"mO","MLActivityTracker.DAO.SummaryDaogetAllSummary(":"mn","LActivityTracker.Student.StudentService":"V","FActivityTracker.Records.Recordsdate":"dS","MLActivityTracker.model.SegmentTypessetSegmentID(java.lang.Integer)V":"d8","MLActivityTracker.Student.StudentgetId(":"eN","int":"c","boolean":"e","MLActivityTracker.model.SegmentTypesgetType(":"eb","MLActivityTracker.DAO.ActivityPlacesDaodelete(int)V":"nn","FActivityTracker.model.Activitydistance":"b.","MLActivityTracker.model.SegmentTypessetLastUpdate(java.time.LocalDate)V":"lK","MLActivityTracker.API.RecordsApigetRecordByDate(java.lang.String)V":"dX"}}